Workbook

Sheet Contacts
A1: Fist name | B1: Last name | C1: Email | D1: email_clean | E1: Country | F1: Company | G1: Date
A2: Towney | B2: Abbis | C2: tabbis9@wikimedia.org | D2: =LOWER(C2) -> tabbis9@wikimedia.org | E2: China | F2: Skyndu | G2: 45803
A3: Linell | B3: Andreazzi | C3: landreazzi1f@eventbrite.com | D3: =LOWER(C3) -> landreazzi1f@eventbrite.com | E3: Mexico | F3: JumpXS | G3: 45937
A4: Morlee | B4: Anthonsen | C4: manthonsens@tinypic.com | D4: =LOWER(C4) -> manthonsens@tinypic.com | E4: French Polynesia | F4: Photospace | G4: 45960
A5: Lillis | B5: Arnold | C5: larnoldx@vimeo.com | D5: =LOWER(C5) -> larnoldx@vimeo.com | E5: Norway | F5: Youfeed | G5: 45857
A6: Reeta | B6: Atack | C6: ratack2q@sfgate.com | D6: =LOWER(C6) -> ratack2q@sfgate.com | E6: Czech Republic | F6: Photobean | G6: 45933
A7: Dara | B7: Barrus | C7: dbarruse@geocities.jp | D7: =LOWER(C7) -> dbarruse@geocities.jp | E7: Slovenia | F7: Tagpad | G7: 45761
A8: Rufus | B8: Batter | C8: rbatter4@a8.net | D8: =LOWER(C8) -> rbatter4@a8.net | E8: Morocco | F8: Zooxo | G8: 45847
A9: Alisa | B9: Benbow | C9: abenbow2@instagram.com | D9: =LOWER(C9) -> abenbow2@instagram.com | E9: Argentina | F9: Jayo | G9: 45721
A10: Beale | B10: Bennitt | C10: bbennitt1b@icio.us | D10: =LOWER(C10) -> bbennitt1b@icio.us | E10: Russia | F10: Yakijo | G10: 45728
A11: Yard | B11: Bidgod | C11: ybidgodv@vistaprint.com | D11: =LOWER(C11) -> ybidgodv@vistaprint.com | E11: Poland | F11: Riffpedia | G11: 45737
A12: Rog | B12: Birrel | C12: rbirrel27@imageshack.us | D12: =LOWER(C12) -> rbirrel27@imageshack.us | E12: Bangladesh | F12: Buzzster | G12: 45899
A13: Boothe | B13: Biscomb | C13: bbiscombb@yandex.ru | D13: =LOWER(C13) -> bbiscombb@yandex.ru | E13: Albania | F13: Eayo | G13: 45926
... A121: Tommie | B121: Wyllis | C121: twyllisy@sogou.com | D121: =LOWER(C121) -> twyllisy@sogou.com | E121: Greece | F121: Youspan | G121: 45910

Sheet Summary
A1: Customer Contacts Summary
A3: Total Contacts | B3: =COUNTA(Contacts!A:A)-1 -> 120
A5: Contacts per country
A6: country | B6: count
A7: China | B7: =COUNTIF(Contacts!E:E,A7) -> 20
A8: Poland | B8: =COUNTIF(Contacts!E:E,A8) -> 10
A9: Indonesia | B9: =COUNTIF(Contacts!E:E,A9) -> 9
A10: Russia | B10: =COUNTIF(Contacts!E:E,A10) -> 5
A11: Ukraine | B11: =COUNTIF(Contacts!E:E,A11) -> 5
A12: Philippines | B12: =COUNTIF(Contacts!E:E,A12) -> 4
A13: Sweden | B13: =COUNTIF(Contacts!E:E,A13) -> 4
A14: Norway | B14: =COUNTIF(Contacts!E:E,A14) -> 3
A15: Argentina | B15: =COUNTIF(Contacts!E:E,A15) -> 3
A16: Iran | B16: =COUNTIF(Contacts!E:E,A16) -> 3
A17: Brazil | B17: =COUNTIF(Contacts!E:E,A17) -> 3
A18: United States | B18: =COUNTIF(Contacts!E:E,A18) -> 3
... A56: Macedonia | B56: =COUNTIF(Contacts!E:E,A56) -> 1
A58: Top country | B58: =INDEX(A7:A30,MATCH(MAX(B7:B30),B7:B30,0)) -> China
A59: Most contacts | B59: =MAX(B7:B30) -> 20
