Workbook

Sheet Sheet1
A1: Products IT | B1: Product Name | C1: Category | D1: Price | E1: Quantity | F1: Total Value | G1: In Stock?
A2: 1 | B2: Portable Air Conditioner | C2: Accounting | D2: 348 | E2: 12 | F2: =D2*E2 -> 4176 | G2: =IF(E2>0,"YES","NO") -> YES
A3: 2 | B3: Banana Peanut Butter Smoothie | C3: Marketing | D3: 427 | E3: 98 | F3: =D3*E3 -> 41846 | G3: =IF(E3>0,"YES","NO") -> YES
A4: 3 | B4: Rechargeable Electric Toothbrush | C4: Sales | D4: 191 | E4: 52 | F4: =D4*E4 -> 9932 | G4: =IF(E4>0,"YES","NO") -> YES
A5: 4 | B5: Mini Air Hockey Table | C5: Business Development | D5: 141 | E5: 14 | F5: =D5*E5 -> 1974 | G5: =IF(E5>0,"YES","NO") -> YES
A6: 5 | B6: Leather Wallet | C6: Support | D6: 499 | E6: 70 | F6: =D6*E6 -> 34930 | G6: =IF(E6>0,"YES","NO") -> YES
A7: 6 | B7: Patterned Knit Scarf | C7: Services | D7: 328 | E7: 96 | F7: =D7*E7 -> 31488 | G7: =IF(E7>0,"YES","NO") -> YES
A8: 7 | B8: Car Diagnostic Scanner | C8: Engineering | D8: 111 | E8: 16 | F8: =D8*E8 -> 1776 | G8: =IF(E8>0,"YES","NO") -> YES
A9: 8 | B9: Spicy Chicken Wings | C9: Legal | D9: 313 | E9: 91 | F9: =D9*E9 -> 28483 | G9: =IF(E9>0,"YES","NO") -> YES
A10: 9 | B10: Teriyaki Beef Jerky | C10: Research and Development | D10: 361 | E10: 89 | F10: =D10*E10 -> 32129 | G10: =IF(E10>0,"YES","NO") -> YES
A11: 10 | B11: Car Windshield Sun Shade | C11: Engineering | D11: 414 | E11: 51 | F11: =D11*E11 -> 21114 | G11: =IF(E11>0,"YES","NO") -> YES
A12: 11 | B12: Over-the-Door Shoe Organizer | C12: Research and Development | D12: 422 | E12: 11 | F12: =D12*E12 -> 4642 | G12: =IF(E12>0,"YES","NO") -> YES
A13: 12 | B13: Handcrafted Wooden Jewelry Box | C13: Support | D13: 177 | E13: 39 | F13: =D13*E13 -> 6903 | G13: =IF(E13>0,"YES","NO") -> YES
... A121: 120 | B121: Outdoor Picnic Blanket | C121: Business Development | D121: 109 | E121: 15 | F121: =D121*E121 -> 1635 | G121: =IF(E121>0,"YES","NO") -> YES

Sheet Summary
A1: Inventory Summary
A3: Total Products | B3: =COUNTA(Sheet1!A:A)-1 -> 120
A5: Total inventory value | B5: =SUM(Sheet1!F:F) -> 1631571
A7: Products per category
A9: Category | B9: Count | C9: Total Value
A10: Accounting | B10: =COUNTIF(Sheet1!C:C,A10) -> 21 | C10: =SUMIF(Sheet1!C:C,A10,Sheet1!F:F) -> 287286
A11: Legal | B11: =COUNTIF(Sheet1!C:C,A11) -> 9 | C11: =SUMIF(Sheet1!C:C,A11,Sheet1!F:F) -> 211906
A12: Support | B12: =COUNTIF(Sheet1!C:C,A12) -> 11 | C12: =SUMIF(Sheet1!C:C,A12,Sheet1!F:F) -> 196370
A13: Marketing | B13: =COUNTIF(Sheet1!C:C,A13) -> 13 | C13: =SUMIF(Sheet1!C:C,A13,Sheet1!F:F) -> 163885
A14: Engineering | B14: =COUNTIF(Sheet1!C:C,A14) -> 11 | C14: =SUMIF(Sheet1!C:C,A14,Sheet1!F:F) -> 144930
A15: Research and Development | B15: =COUNTIF(Sheet1!C:C,A15) -> 10 | C15: =SUMIF(Sheet1!C:C,A15,Sheet1!F:F) -> 137995
A16: Product Management | B16: =COUNTIF(Sheet1!C:C,A16) -> 10 | C16: =SUMIF(Sheet1!C:C,A16,Sheet1!F:F) -> 132365
A17: Services | B17: =COUNTIF(Sheet1!C:C,A17) -> 9 | C17: =SUMIF(Sheet1!C:C,A17,Sheet1!F:F) -> 124460
A18: Business Development | B18: =COUNTIF(Sheet1!C:C,A18) -> 9 | C18: =SUMIF(Sheet1!C:C,A18,Sheet1!F:F) -> 77342
A19: Sales | B19: =COUNTIF(Sheet1!C:C,A19) -> 5 | C19: =SUMIF(Sheet1!C:C,A19,Sheet1!F:F) -> 68570
A20: Human Resources | B20: =COUNTIF(Sheet1!C:C,A20) -> 7 | C20: =SUMIF(Sheet1!C:C,A20,Sheet1!F:F) -> 47758
A21: Training | B21: =COUNTIF(Sheet1!C:C,A21) -> 5 | C21: =SUMIF(Sheet1!C:C,A21,Sheet1!F:F) -> 38704
A23: Top Category | B23: =INDEX(A10:A21,MATCH(MAX(C10:C21),C10:C21,0)) -> Accounting
A24: Highest Inventory Value | B24: =MAX(C10:C21) -> 287286
